<?xml version="1.0" encoding="utf-8"?>
<odoo>
    <data>

        <record id="module_category_integration" model="ir.module.category">
            <field name="name">Integration</field>
        </record>

        <record id="group_integration_manager" model="res.groups">
            <field name="name">Administrator</field>
            <field name="category_id" ref="module_category_integration"/>
            <field name="users" eval="[(4, ref('base.user_root')), (4, ref('base.user_admin'))]"/>
            <field name="implied_ids" eval="[(4, ref('queue_job.group_queue_job_manager'))]"/>
        </record>

    </data>
</odoo>
