<?xml version="1.0" encoding="utf-8"?>
<odoo>

    <!-- Sale Integration > Action > Import/Export -->
    <record id="action_import_export_integration" model="ir.actions.server">
        <field name="name">Import/Export Integration</field>
        <field name="model_id" ref="integration.model_sale_integration"/>
        <field name="binding_model_id" ref="integration.model_sale_integration"/>
        <field name="binding_view_types">form</field>
        <field name="groups_id" eval="[(6, 0, (ref('integration.group_integration_manager'),))]"/>
        <field name="state">code</field>
        <field name="code">
if records:
    action = records.open_import_export_integration_wizard()
        </field>
    </record>

</odoo>
