<?xml version='1.0' encoding='utf-8'?>
<odoo>
    <data noupdate="0">

        <record id="ir_cron_integration_send_pricelist_items" model="ir.cron">
            <field name="name">Integration: Send Pricelist Items</field>
            <field name="interval_number">1</field>
            <field name="interval_type">days</field>
            <field name="nextcall" eval="(DateTime.now().replace(hour=1, minute=20) + timedelta(days=1)).strftime('%Y-%m-%d %H:%M:%S')"/>
            <field name="model_id" ref="model_sale_integration"/>
            <field name="code">model.export_pricelist_items_to_external_cron()</field>
            <field name="state">code</field>
        </record>

    </data>
</odoo>
