<?xml version='1.0' encoding='utf-8'?>
<odoo>
    <data noupdate="1">

        <record model="ir.config_parameter" id="data_block_size">
            <field name="key">integration.import_data_block_size</field>
            <field name="value">5000</field>
        </record>

        <record model="ir.config_parameter" id="export_inventory_block_size">
            <field name="key">integration.export_inventory_block_size</field>
            <field name="value">250</field>
        </record>

        <record model="ir.config_parameter" id="integration_api_key">
            <field name="key">integration.integration_api_key</field>
            <field name="value">8c60bb92a2a7beb2a0fc399f0831d6d818a87441</field>
        </record>

        <record model="ir.config_parameter" id="ecosystem_api_url">
            <field name="key">vt_ecosystem.ecosystem_api_url</field>
            <field name="value">https://ecosystem-api.ventor.tech/v1</field>
        </record>

    </data>
</odoo>
